,Div,Date,HomeTeam,AwayTeam,FTHG,FTAG,B365H,B365D,B365A,Year,HomeYear,AwayYear,LeagueYear,B365J,B365HNorm,B365DNorm,B365ANorm,Favored,Unfavored,Homepts,Awaypts,Win,Draw,WinStreak,UndefStreak
0,F1,10/08/13,Evian Thonon Gaillard,Sochaux,1,1,0.46511627906976744,0.3225806451612903,0.2777777777777778,1314,Evian Thonon Gaillard1314,Sochaux1314,F11314,0.06547470200883554,0.4365343242714649,0.30275767651085467,0.26070799921768045,Evian Thonon Gaillard,Sochaux,1,1,0,1,0,0
1,F1,17/08/13,Marseille,Evian Thonon Gaillard,2,0,0.7142857142857143,0.2222222222222222,0.125,1314,Marseille1314,Evian Thonon Gaillard1314,F11314,0.06150793650793651,0.6728971962616822,0.20934579439252335,0.11775700934579439,Marseille,Evian Thonon Gaillard,3,0,0,0,0,1
2,F1,24/08/13,Evian Thonon Gaillard,Rennes,1,2,0.42016806722689076,0.3225806451612903,0.3225806451612903,1314,Evian Thonon Gaillard1314,Rennes1314,F11314,0.06532935754947133,0.3944020356234097,0.30279898218829515,0.30279898218829515,Evian Thonon Gaillard,Rennes,0,3,0,0,0,0
3,F1,31/08/13,Evian Thonon Gaillard,Lyon,2,1,0.3076923076923077,0.3125,0.4444444444444444,1314,Evian Thonon Gaillard1314,Lyon1314,F11314,0.06463675213675213,0.28901154039136984,0.29352734570998495,0.41746111389864526,Lyon,Evian Thonon Gaillard,3,0,1,0,0,0
4,F1,14/09/13,Ajaccio,Evian Thonon Gaillard,2,3,0.37037037037037035,0.3333333333333333,0.35714285714285715,1314,Ajaccio1314,Evian Thonon Gaillard1314,F11314,0.060846560846560926,0.34912718204488774,0.31421446384039897,0.3366583541147132,Ajaccio,Evian Thonon Gaillard,0,3,1,0,1,1
5,F1,21/09/13,Evian Thonon Gaillard,Montpellier,2,2,0.45454545454545453,0.30303030303030304,0.3076923076923077,1314,Evian Thonon Gaillard1314,Montpellier1314,F11314,0.06526806526806528,0.42669584245076586,0.2844638949671772,0.2888402625820569,Evian Thonon Gaillard,Montpellier,1,1,0,1,2,2
6,F1,24/09/13,Lille,Evian Thonon Gaillard,3,0,0.6535947712418301,0.2631578947368421,0.15384615384615385,1314,Lille1314,Evian Thonon Gaillard1314,F11314,0.07059881982482619,0.6104945747546898,0.245804394572283,0.143701030673027,Lille,Evian Thonon Gaillard,3,0,0,0,0,3
7,F1,28/09/13,Evian Thonon Gaillard,Bordeaux,1,1,0.4,0.3225806451612903,0.3448275862068966,1314,Evian Thonon Gaillard1314,Bordeaux1314,F11314,0.06740823136818697,0.3747394747811588,0.3022092538557732,0.32305127136306794,Evian Thonon Gaillard,Bordeaux,1,1,0,1,0,0
8,F1,05/10/13,Nantes,Evian Thonon Gaillard,3,0,0.5464480874316939,0.29411764705882354,0.2222222222222222,1314,Nantes1314,Evian Thonon Gaillard1314,F11314,0.06278795671273985,0.5141647343482205,0.27674160701683637,0.209093658634943,Nantes,Evian Thonon Gaillard,3,0,0,0,0,1
9,F1,19/10/13,Evian Thonon Gaillard,Guingamp,1,2,0.4444444444444444,0.3125,0.3076923076923077,1314,Evian Thonon Gaillard1314,Guingamp1314,F11314,0.06463675213675213,0.41746111389864526,0.29352734570998495,0.28901154039136984,Evian Thonon Gaillard,Guingamp,0,3,0,0,0,0
10,F1,26/10/13,Valenciennes,Evian Thonon Gaillard,0,1,0.5,0.30303030303030304,0.2631578947368421,1314,Valenciennes1314,Evian Thonon Gaillard1314,F11314,0.06618819776714502,0.4689603590127151,0.2842183994016455,0.2468212415856395,Valenciennes,Evian Thonon Gaillard,0,3,1,0,0,0
11,F1,02/11/13,Evian Thonon Gaillard,Toulouse,2,1,0.3846153846153846,0.3225806451612903,0.35714285714285715,1314,Evian Thonon Gaillard1314,Toulouse1314,F11314,0.06433888691953205,0.3613655287260616,0.30308076602830974,0.33555370524562866,Evian Thonon Gaillard,Toulouse,3,0,1,0,1,1
12,F1,08/11/13,Monaco,Evian Thonon Gaillard,1,1,0.7751937984496123,0.2,0.09090909090909091,1314,Monaco1314,Evian Thonon Gaillard1314,F11314,0.06610288935870323,0.7271285034373347,0.18759915388683238,0.0852723426758329,Monaco,Evian Thonon Gaillard,1,1,0,1,2,2
13,F1,23/11/13,Evian Thonon Gaillard,Lorient,0,4,0.47619047619047616,0.3125,0.2777777777777778,1314,Evian Thonon Gaillard1314,Lorient1314,F11314,0.06646825396825395,0.44651162790697674,0.2930232558139535,0.26046511627906976,Evian Thonon Gaillard,Lorient,0,3,0,0,0,3
14,F1,01/12/13,Bastia,Evian Thonon Gaillard,2,0,0.5,0.3225806451612903,0.23809523809523808,1314,Bastia1314,Evian Thonon Gaillard1314,F11314,0.060675883256528396,0.4713975380159305,0.30412744388124546,0.22447501810282403,Bastia,Evian Thonon Gaillard,3,0,0,0,0,0
15,F1,04/12/13,Evian Thonon Gaillard,Paris SG,2,0,0.11764705882352941,0.2,0.7518796992481203,1314,Evian Thonon Gaillard1314,Paris SG1314,F11314,0.06952675807164965,0.10999917293854934,0.1869985939955339,0.7030022330659168,Paris SG,Evian Thonon Gaillard,3,0,1,0,0,0
16,F1,14/12/13,Evian Thonon Gaillard,Reims,1,1,0.47619047619047616,0.3225806451612903,0.26666666666666666,1314,Evian Thonon Gaillard1314,Reims1314,F11314,0.06543778801843314,0.4469434832756632,0.3027681660899654,0.2502883506343714,Evian Thonon Gaillard,Reims,1,1,0,1,1,1
17,F1,21/12/13,Nice,Evian Thonon Gaillard,3,1,0.5235602094240838,0.3125,0.23094688221709006,1314,Nice1314,Evian Thonon Gaillard1314,F11314,0.0670070916411738,0.4906810962416293,0.29287527931922247,0.21644362443914825,Nice,Evian Thonon Gaillard,3,0,0,0,0,2
18,F1,08/01/14,St Etienne,Evian Thonon Gaillard,1,0,0.6535947712418301,0.25,0.16666666666666666,1314,St Etienne1314,Evian Thonon Gaillard1314,F11314,0.0702614379084967,0.6106870229007634,0.233587786259542,0.15572519083969466,St Etienne,Evian Thonon Gaillard,3,0,0,0,0,0
19,F1,12/01/14,Evian Thonon Gaillard,Marseille,1,2,0.2777777777777778,0.3225806451612903,0.46511627906976744,1314,Evian Thonon Gaillard1314,Marseille1314,F11314,0.06547470200883554,0.26070799921768045,0.30275767651085467,0.4365343242714649,Marseille,Evian Thonon Gaillard,0,3,0,0,0,0
20,F1,18/01/14,Rennes,Evian Thonon Gaillard,0,0,0.5555555555555556,0.2857142857142857,0.2222222222222222,1314,Rennes1314,Evian Thonon Gaillard1314,F11314,0.06349206349206349,0.5223880597014926,0.26865671641791045,0.208955223880597,Rennes,Evian Thonon Gaillard,1,1,0,1,0,0
21,F1,26/01/14,Lyon,Evian Thonon Gaillard,3,0,0.6944444444444444,0.25,0.125,1314,Lyon1314,Evian Thonon Gaillard1314,F11314,0.06944444444444442,0.6493506493506493,0.23376623376623376,0.11688311688311688,Lyon,Evian Thonon Gaillard,3,0,0,0,0,1
22,F1,01/02/14,Evian Thonon Gaillard,Ajaccio,1,1,0.5780346820809249,0.2857142857142857,0.2,1314,Evian Thonon Gaillard1314,Ajaccio1314,F11314,0.06374896779521055,0.5433938829374321,0.2685918335662164,0.18801428349635152,Evian Thonon Gaillard,Ajaccio,1,1,0,1,0,0
23,F1,08/02/14,Montpellier,Evian Thonon Gaillard,1,1,0.5988023952095809,0.2857142857142857,0.17391304347826086,1314,Montpellier1314,Evian Thonon Gaillard1314,F11314,0.05842972440212746,0.5657460116663153,0.2699416684236418,0.16431231991004286,Montpellier,Evian Thonon Gaillard,1,1,0,1,0,1
24,F1,16/02/14,Evian Thonon Gaillard,Lille,2,2,0.2631578947368421,0.3225806451612903,0.47619047619047616,1314,Evian Thonon Gaillard1314,Lille1314,F11314,0.06192901608860857,0.2478111914731633,0.30376855728968405,0.4484202512371526,Lille,Evian Thonon Gaillard,1,1,0,1,0,2
25,F1,22/02/14,Bordeaux,Evian Thonon Gaillard,2,1,0.5882352941176471,0.2857142857142857,0.19047619047619047,1314,Bordeaux1314,Evian Thonon Gaillard1314,F11314,0.06442577030812324,0.5526315789473685,0.26842105263157895,0.17894736842105263,Bordeaux,Evian Thonon Gaillard,3,0,0,0,0,3
26,F1,28/02/14,Evian Thonon Gaillard,Nantes,2,0,0.45454545454545453,0.3225806451612903,0.2857142857142857,1314,Evian Thonon Gaillard1314,Nantes1314,F11314,0.06284038542103065,0.4276704769412692,0.303508080409933,0.26882144264879776,Evian Thonon Gaillard,Nantes,3,0,1,0,0,0
27,F1,08/03/14,Guingamp,Evian Thonon Gaillard,0,1,0.5405405405405405,0.30303030303030304,0.2222222222222222,1314,Guingamp1314,Evian Thonon Gaillard1314,F11314,0.06579306579306587,0.5071721311475409,0.28432377049180324,0.2085040983606557,Guingamp,Evian Thonon Gaillard,0,3,1,0,1,1
28,F1,15/03/14,Evian Thonon Gaillard,Valenciennes,0,1,0.46511627906976744,0.3225806451612903,0.2777777777777778,1314,Evian Thonon Gaillard1314,Valenciennes1314,F11314,0.06547470200883554,0.4365343242714649,0.30275767651085467,0.26070799921768045,Evian Thonon Gaillard,Valenciennes,0,3,0,0,2,2
29,F1,22/03/14,Toulouse,Evian Thonon Gaillard,1,1,0.5780346820809249,0.2857142857142857,0.2,1314,Toulouse1314,Evian Thonon Gaillard1314,F11314,0.06374896779521055,0.5433938829374321,0.2685918335662164,0.18801428349635152,Toulouse,Evian Thonon Gaillard,1,1,0,1,0,0
30,F1,29/03/14,Evian Thonon Gaillard,Monaco,1,0,0.23809523809523808,0.3125,0.5128205128205129,1314,Evian Thonon Gaillard1314,Monaco1314,F11314,0.06341575091575091,0.2238966630785791,0.2938643702906351,0.48223896663078586,Monaco,Evian Thonon Gaillard,3,0,1,0,0,1
31,F1,05/04/14,Lorient,Evian Thonon Gaillard,1,1,0.5405405405405405,0.29411764705882354,0.23094688221709006,1314,Lorient1314,Evian Thonon Gaillard1314,F11314,0.06560506981645409,0.5072616073735894,0.2760099922473943,0.21672840037901628,Lorient,Evian Thonon Gaillard,1,1,0,1,1,2
32,F1,12/04/14,Evian Thonon Gaillard,Bastia,2,1,0.5235602094240838,0.3076923076923077,0.23809523809523808,1314,Evian Thonon Gaillard1314,Bastia1314,F11314,0.0693477552116295,0.4896070589501247,0.2877383023368425,0.22265463871303287,Evian Thonon Gaillard,Bastia,3,0,1,0,0,3
33,F1,23/04/14,Paris SG,Evian Thonon Gaillard,1,0,0.8333333333333334,0.15384615384615385,0.07692307692307693,1314,Paris SG1314,Evian Thonon Gaillard1314,F11314,0.0641025641025641,0.783132530120482,0.14457831325301207,0.07228915662650603,Paris SG,Evian Thonon Gaillard,3,0,0,0,1,4
34,F1,26/04/14,Evian Thonon Gaillard,St Etienne,1,2,0.2857142857142857,0.3125,0.46511627906976744,1314,Evian Thonon Gaillard1314,St Etienne1314,F11314,0.06333056478405319,0.2686975200156219,0.2938879125170865,0.4374145674672915,St Etienne,Evian Thonon Gaillard,0,3,0,0,0,0
35,F1,04/05/14,Reims,Evian Thonon Gaillard,1,0,0.3921568627450981,0.3225806451612903,0.3472222222222222,1314,Reims1314,Evian Thonon Gaillard1314,F11314,0.06195973012861078,0.36927658518426604,0.30375977168383167,0.3269636431319021,Reims,Evian Thonon Gaillard,3,0,0,0,0,0
36,F1,10/05/14,Evian Thonon Gaillard,Nice,2,0,0.5780346820809249,0.2857142857142857,0.2,1314,Evian Thonon Gaillard1314,Nice1314,F11314,0.06374896779521055,0.5433938829374321,0.2685918335662164,0.18801428349635152,Evian Thonon Gaillard,Nice,3,0,1,0,0,0
37,F1,17/05/14,Sochaux,Evian Thonon Gaillard,0,3,0.5464480874316939,0.2777777777777778,0.23809523809523808,1314,Sochaux1314,Evian Thonon Gaillard1314,F11314,0.062321103304709746,0.5143906919779547,0.2614819350887937,0.2241273729332517,Sochaux,Evian Thonon Gaillard,0,3,1,0,1,1
